restaurant_id,restaurant_name,neighborhood,website,candidate_id,thumbnail_url,source_url,source_kind,source_host,image_host,source_host_validation,review_state,promotion_review_state,rights_status,quality_flags,recommended_action
osm-node-11612206582-swaad-sagaa-indian-cuisine-incorporated,Swaad Sagaa Indian Cuisine Incorporated,North End,https://www.swaadsagaa.com/,thumb-fcf7023c24d74fb849,https://assets.jwwb.nl/assets/brand/webador/icon/favicon.png?bust=2299e1307cbb69076146,https://www.swaadsagaa.com/,official_page_thumbnail_candidate,swaadsagaa.com,assets.jwwb.nl,remote_image_host_needs_source_check,candidate_review,source_check,requires_rights_review,icon_or_favicon;remote_image_host_needs_source_check,"confirm first-party page/image provenance, then visually review"
osm-node-11612206582-swaad-sagaa-indian-cuisine-incorporated,Swaad Sagaa Indian Cuisine Incorporated,North End,https://www.swaadsagaa.com/,thumb-9ffe06a2ada20307a8,https://primary.jwwb.nl/public/z/b/k/temp-treqnfyzxvxawrucabjn/374524281_3438743236437298_1258114609622563908_n-high.jpg,https://www.swaadsagaa.com/,official_page_thumbnail_candidate,swaadsagaa.com,primary.jwwb.nl,remote_image_host_needs_source_check,candidate_review,source_check,requires_rights_review,remote_image_host_needs_source_check,"confirm first-party page/image provenance, then visually review"
osm-node-11612206582-swaad-sagaa-indian-cuisine-incorporated,Swaad Sagaa Indian Cuisine Incorporated,North End,https://www.swaadsagaa.com/,thumb-c9e0f47dd77ae569cc,https://primary.jwwb.nl/public/z/b/k/temp-treqnfyzxvxawrucabjn/doordash-1-high.png?enable-io=true&enable=upscale&crop=1%3A1&width=800,https://www.swaadsagaa.com/,official_page_thumbnail_candidate,swaadsagaa.com,primary.jwwb.nl,remote_image_host_needs_source_check,candidate_review,source_check,requires_rights_review,remote_image_host_needs_source_check,"confirm first-party page/image provenance, then visually review"
osm-node-11612206582-swaad-sagaa-indian-cuisine-incorporated,Swaad Sagaa Indian Cuisine Incorporated,North End,https://www.swaadsagaa.com/,thumb-0ee8ab43ad02415eb7,https://primary.jwwb.nl/public/z/b/k/temp-treqnfyzxvxawrucabjn/image-high-zggxk2.png?enable-io=true&enable=upscale&height=70,https://www.swaadsagaa.com/,official_page_thumbnail_candidate,swaadsagaa.com,primary.jwwb.nl,remote_image_host_needs_source_check,candidate_review,source_check,requires_rights_review,remote_image_host_needs_source_check,"confirm first-party page/image provenance, then visually review"
osm-node-11612206582-swaad-sagaa-indian-cuisine-incorporated,Swaad Sagaa Indian Cuisine Incorporated,North End,https://www.swaadsagaa.com/,thumb-173f030d0af5a89f18,https://primary.jwwb.nl/public/z/b/k/temp-treqnfyzxvxawrucabjn/image-high-zggxk2.png?enable-io=true&width=274,https://www.swaadsagaa.com/,official_page_thumbnail_candidate,swaadsagaa.com,primary.jwwb.nl,remote_image_host_needs_source_check,candidate_review,source_check,requires_rights_review,remote_image_host_needs_source_check;tiny_decoded_image,"confirm first-party page/image provenance, then visually review"
osm-node-11612206582-swaad-sagaa-indian-cuisine-incorporated,Swaad Sagaa Indian Cuisine Incorporated,North End,https://www.swaadsagaa.com/,thumb-62f730a54868817b66,https://primary.jwwb.nl/public/z/b/k/temp-treqnfyzxvxawrucabjn/image0-high.png?enable-io=true&enable=upscale&crop=0.75%3A1&width=800,https://www.swaadsagaa.com/,official_page_thumbnail_candidate,swaadsagaa.com,primary.jwwb.nl,remote_image_host_needs_source_check,candidate_review,source_check,requires_rights_review,remote_image_host_needs_source_check,"confirm first-party page/image provenance, then visually review"
osm-node-11612206582-swaad-sagaa-indian-cuisine-incorporated,Swaad Sagaa Indian Cuisine Incorporated,North End,https://www.swaadsagaa.com/,thumb-0ee455ca90e605fee9,https://primary.jwwb.nl/public/z/b/k/temp-treqnfyzxvxawrucabjn/image1-high.png?enable-io=true&enable=upscale&crop=0.7505%3A1&width=800,https://www.swaadsagaa.com/,official_page_thumbnail_candidate,swaadsagaa.com,primary.jwwb.nl,remote_image_host_needs_source_check,candidate_review,source_check,requires_rights_review,remote_image_host_needs_source_check,"confirm first-party page/image provenance, then visually review"
osm-node-11612206582-swaad-sagaa-indian-cuisine-incorporated,Swaad Sagaa Indian Cuisine Incorporated,North End,https://www.swaadsagaa.com/,thumb-a027b5bccdc4e67b50,https://primary.jwwb.nl/public/z/b/k/temp-treqnfyzxvxawrucabjn/image2-standard.png,https://www.swaadsagaa.com/,official_page_thumbnail_candidate,swaadsagaa.com,primary.jwwb.nl,remote_image_host_needs_source_check,candidate_review,source_check,requires_rights_review,remote_image_host_needs_source_check,"confirm first-party page/image provenance, then visually review"
osm-node-11612206582-swaad-sagaa-indian-cuisine-incorporated,Swaad Sagaa Indian Cuisine Incorporated,North End,https://www.swaadsagaa.com/,thumb-6fca453ed112ee2b9b,https://primary.jwwb.nl/public/z/b/k/temp-treqnfyzxvxawrucabjn/image3-high-1a1yj1.png?enable-io=true&enable=upscale&crop=0.7673%3A1&width=800,https://www.swaadsagaa.com/,official_page_thumbnail_candidate,swaadsagaa.com,primary.jwwb.nl,remote_image_host_needs_source_check,candidate_review,source_check,requires_rights_review,remote_image_host_needs_source_check,"confirm first-party page/image provenance, then visually review"
osm-node-11612206582-swaad-sagaa-indian-cuisine-incorporated,Swaad Sagaa Indian Cuisine Incorporated,North End,https://www.swaadsagaa.com/,thumb-74c56973cc328ded83,https://primary.jwwb.nl/public/z/b/k/temp-treqnfyzxvxawrucabjn/image4-high.png?enable-io=true&enable=upscale&crop=0.7673%3A1%2Coffset-y47&width=800,https://www.swaadsagaa.com/,official_page_thumbnail_candidate,swaadsagaa.com,primary.jwwb.nl,remote_image_host_needs_source_check,candidate_review,source_check,requires_rights_review,remote_image_host_needs_source_check,"confirm first-party page/image provenance, then visually review"
osm-node-11612206582-swaad-sagaa-indian-cuisine-incorporated,Swaad Sagaa Indian Cuisine Incorporated,North End,https://www.swaadsagaa.com/,thumb-44eb243135c6580965,https://primary.jwwb.nl/public/z/b/k/temp-treqnfyzxvxawrucabjn/image5-high.png?enable-io=true&enable=upscale&crop=0.7505%3A1&width=800,https://www.swaadsagaa.com/,official_page_thumbnail_candidate,swaadsagaa.com,primary.jwwb.nl,remote_image_host_needs_source_check,candidate_review,source_check,requires_rights_review,remote_image_host_needs_source_check,"confirm first-party page/image provenance, then visually review"
osm-node-11612206582-swaad-sagaa-indian-cuisine-incorporated,Swaad Sagaa Indian Cuisine Incorporated,North End,https://www.swaadsagaa.com/,thumb-df77831da6696a6226,https://primary.jwwb.nl/public/z/b/k/temp-treqnfyzxvxawrucabjn/ss-review-high.jpg?enable-io=true&enable=upscale&crop=2.5221%3A1&width=800,https://www.swaadsagaa.com/,official_page_thumbnail_candidate,swaadsagaa.com,primary.jwwb.nl,remote_image_host_needs_source_check,candidate_review,source_check,requires_rights_review,remote_image_host_needs_source_check,"confirm first-party page/image provenance, then visually review"
osm-node-11612206582-swaad-sagaa-indian-cuisine-incorporated,Swaad Sagaa Indian Cuisine Incorporated,North End,https://www.swaadsagaa.com/,thumb-9478c08901dc7e92b5,https://primary.jwwb.nl/public/z/b/k/temp-treqnfyzxvxawrucabjn/ta-rate-high.webp?enable-io=true&enable=upscale&crop=3.2051%3A1&width=800,https://www.swaadsagaa.com/,official_page_thumbnail_candidate,swaadsagaa.com,primary.jwwb.nl,remote_image_host_needs_source_check,candidate_review,source_check,requires_rights_review,remote_image_host_needs_source_check;awkward_thumbnail_aspect,"confirm first-party page/image provenance, then visually review"
osm-node-11612206582-swaad-sagaa-indian-cuisine-incorporated,Swaad Sagaa Indian Cuisine Incorporated,North End,https://www.swaadsagaa.com/,thumb-2b3de5e64e14225ed3,https://primary.jwwb.nl/public/z/b/k/temp-treqnfyzxvxawrucabjn/ubereats-high.jpg?enable-io=true&enable=upscale&crop=1%3A1&width=800,https://www.swaadsagaa.com/,official_page_thumbnail_candidate,swaadsagaa.com,primary.jwwb.nl,remote_image_host_needs_source_check,candidate_review,source_check,requires_rights_review,remote_image_host_needs_source_check,"confirm first-party page/image provenance, then visually review"
osm-node-37132665-the-loose-cannon,The Loose Cannon,Downtown,https://theloosecannon.ca/,thumb-745f6186d6507eb596,https://d1k7e91iovemsu.cloudfront.net/images/prod/consumer_live_/root/b4210929-33fe-4670-a76e-f6dccc09f91c.png,https://www.theloosecannon.ca/,official_page_thumbnail_candidate,theloosecannon.ca,d1k7e91iovemsu.cloudfront.net,remote_image_host_needs_source_check,candidate_review,source_check,requires_rights_review,remote_image_host_needs_source_check,"confirm first-party page/image provenance, then visually review"
osm-node-37132665-the-loose-cannon,The Loose Cannon,Downtown,https://theloosecannon.ca/,thumb-26dd2683b03bac4585,https://d1k7e91iovemsu.cloudfront.net/images/prod/the_loose_cannon/web_pages_assets/0ac27013-387d-498a-af0b-56e3ac99fd11.jpg,https://www.theloosecannon.ca/ourmenu,official_page_thumbnail_candidate,theloosecannon.ca,d1k7e91iovemsu.cloudfront.net,remote_image_host_needs_source_check,candidate_review,source_check,requires_rights_review,remote_image_host_needs_source_check,"confirm first-party page/image provenance, then visually review"
osm-node-37132665-the-loose-cannon,The Loose Cannon,Downtown,https://theloosecannon.ca/,thumb-2f08d61e216a869654,https://d1k7e91iovemsu.cloudfront.net/images/prod/the_loose_cannon/web_pages_assets/0e7e668e-1c82-472e-a987-070e7ef02e93.jpg,https://www.theloosecannon.ca/ourmenu,official_page_thumbnail_candidate,theloosecannon.ca,d1k7e91iovemsu.cloudfront.net,remote_image_host_needs_source_check,candidate_review,source_check,requires_rights_review,remote_image_host_needs_source_check,"confirm first-party page/image provenance, then visually review"
osm-node-37132665-the-loose-cannon,The Loose Cannon,Downtown,https://theloosecannon.ca/,thumb-42e22403f1ca6399a8,https://d1k7e91iovemsu.cloudfront.net/images/prod/the_loose_cannon/web_pages_assets/20d0d668-9955-4a9f-8799-afd6cc5865b9.jpg,https://www.theloosecannon.ca/ourmenu,official_page_thumbnail_candidate,theloosecannon.ca,d1k7e91iovemsu.cloudfront.net,remote_image_host_needs_source_check,candidate_review,source_check,requires_rights_review,remote_image_host_needs_source_check,"confirm first-party page/image provenance, then visually review"
osm-node-37132665-the-loose-cannon,The Loose Cannon,Downtown,https://theloosecannon.ca/,thumb-b2cc85edae174183e3,https://d1k7e91iovemsu.cloudfront.net/images/prod/the_loose_cannon/web_pages_assets/32cad64a-e4c1-490f-9173-5bacf9bc6795.png,https://www.theloosecannon.ca/,official_page_thumbnail_candidate,theloosecannon.ca,d1k7e91iovemsu.cloudfront.net,remote_image_host_needs_source_check,candidate_review,source_check,requires_rights_review,remote_image_host_needs_source_check,"confirm first-party page/image provenance, then visually review"
osm-node-37132665-the-loose-cannon,The Loose Cannon,Downtown,https://theloosecannon.ca/,thumb-e1b4db4b5c39b89b68,https://d1k7e91iovemsu.cloudfront.net/images/prod/the_loose_cannon/web_pages_assets/3909a5ce-2dfa-49b0-81cb-fe1b515f28cd.jpg,https://www.theloosecannon.ca/,official_page_thumbnail_candidate,theloosecannon.ca,d1k7e91iovemsu.cloudfront.net,remote_image_host_needs_source_check,candidate_review,source_check,requires_rights_review,remote_image_host_needs_source_check,"confirm first-party page/image provenance, then visually review"
osm-node-37132665-the-loose-cannon,The Loose Cannon,Downtown,https://theloosecannon.ca/,thumb-d9d7bacf7e6312c5f2,https://d1k7e91iovemsu.cloudfront.net/images/prod/the_loose_cannon/web_pages_assets/4f20bbc1-b1e0-47ca-9605-cf4148b31c01.jpg,https://www.theloosecannon.ca/ourmenu,official_page_thumbnail_candidate,theloosecannon.ca,d1k7e91iovemsu.cloudfront.net,remote_image_host_needs_source_check,candidate_review,source_check,requires_rights_review,remote_image_host_needs_source_check,"confirm first-party page/image provenance, then visually review"
osm-node-37132665-the-loose-cannon,The Loose Cannon,Downtown,https://theloosecannon.ca/,thumb-9fa1f35b4f13034ded,https://d1k7e91iovemsu.cloudfront.net/images/prod/the_loose_cannon/web_pages_assets/60ac0d45-80f4-4c70-afe6-9ad450926c99.jpg,https://www.theloosecannon.ca/ourmenu,official_page_thumbnail_candidate,theloosecannon.ca,d1k7e91iovemsu.cloudfront.net,remote_image_host_needs_source_check,candidate_review,source_check,requires_rights_review,remote_image_host_needs_source_check,"confirm first-party page/image provenance, then visually review"
osm-node-37132665-the-loose-cannon,The Loose Cannon,Downtown,https://theloosecannon.ca/,thumb-510bbf4f462411f859,https://d1k7e91iovemsu.cloudfront.net/images/prod/the_loose_cannon/web_pages_assets/89e4e109-b21a-4adc-b655-9a5b630fa767.png,https://www.theloosecannon.ca/,official_page_thumbnail_candidate,theloosecannon.ca,d1k7e91iovemsu.cloudfront.net,remote_image_host_needs_source_check,candidate_review,source_check,requires_rights_review,remote_image_host_needs_source_check,"confirm first-party page/image provenance, then visually review"
osm-node-37132665-the-loose-cannon,The Loose Cannon,Downtown,https://theloosecannon.ca/,thumb-ff048ee0991871da05,https://d1k7e91iovemsu.cloudfront.net/images/prod/the_loose_cannon/web_pages_assets/bb33d27e-b618-492c-a674-f0ecfc673e8e.jpg,https://www.theloosecannon.ca/ourmenu,official_page_thumbnail_candidate,theloosecannon.ca,d1k7e91iovemsu.cloudfront.net,remote_image_host_needs_source_check,candidate_review,source_check,requires_rights_review,remote_image_host_needs_source_check,"confirm first-party page/image provenance, then visually review"
osm-node-37132665-the-loose-cannon,The Loose Cannon,Downtown,https://theloosecannon.ca/,thumb-f21d6364d2117c8ef2,https://d1k7e91iovemsu.cloudfront.net/images/prod/the_loose_cannon/web_pages_assets/de6a74fe-0131-42ea-8f78-e6539c68278b.jpg,https://www.theloosecannon.ca/ourmenu,official_page_thumbnail_candidate,theloosecannon.ca,d1k7e91iovemsu.cloudfront.net,remote_image_host_needs_source_check,candidate_review,source_check,requires_rights_review,remote_image_host_needs_source_check,"confirm first-party page/image provenance, then visually review"
osm-node-37132665-the-loose-cannon,The Loose Cannon,Downtown,https://theloosecannon.ca/,thumb-d13e131310cfe2dc00,https://d1k7e91iovemsu.cloudfront.net/images/prod/the_loose_cannon/web_pages_assets/ef4d49df-45c1-43b2-a7f3-ef7af2d28c42.jpg,https://www.theloosecannon.ca/ourmenu,official_page_thumbnail_candidate,theloosecannon.ca,d1k7e91iovemsu.cloudfront.net,remote_image_host_needs_source_check,candidate_review,source_check,requires_rights_review,remote_image_host_needs_source_check,"confirm first-party page/image provenance, then visually review"
osm-node-37132665-the-loose-cannon,The Loose Cannon,Downtown,https://theloosecannon.ca/,thumb-0cca5e11210a4a7a15,https://d1k7e91iovemsu.cloudfront.net/images/prod/the_loose_cannon/web_pages_assets/f6e5d3cc-5e5b-4533-94d8-b61caf17b8a8.jpg,https://www.theloosecannon.ca/ourmenu,official_page_thumbnail_candidate,theloosecannon.ca,d1k7e91iovemsu.cloudfront.net,remote_image_host_needs_source_check,candidate_review,source_check,requires_rights_review,remote_image_host_needs_source_check,"confirm first-party page/image provenance, then visually review"
osm-node-37132665-the-loose-cannon,The Loose Cannon,Downtown,https://theloosecannon.ca/,thumb-50fdb3f97e3ec5c642,https://d1k7e91iovemsu.cloudfront.net/images/prod/the_loose_cannon/web_pages_assets/f9508ac5-1a60-4ac0-b400-f0592a09cfc0.jpg,https://www.theloosecannon.ca/,official_page_thumbnail_candidate,theloosecannon.ca,d1k7e91iovemsu.cloudfront.net,remote_image_host_needs_source_check,candidate_review,source_check,requires_rights_review,remote_image_host_needs_source_check,"confirm first-party page/image provenance, then visually review"
osm-node-3801119557-the-middle-spoon-desserterie-and-bar,The Middle Spoon Desserterie & Bar,Downtown,https://www.themiddlespoon.ca/,thumb-ad21cc1b4716e5aeef,https://themiddlespoon.com/_next/image?url=%2Fimages%2Fhero-1.jpg&w=3840&q=75,https://themiddlespoon.com/,official_page_thumbnail_candidate,themiddlespoon.com,themiddlespoon.com,source_host_not_first_party,candidate_review,low_quality_metadata,requires_rights_review,source_host_not_first_party,"confirm first-party page/image provenance, then visually review"
osm-node-3801119557-the-middle-spoon-desserterie-and-bar,The Middle Spoon Desserterie & Bar,Downtown,https://www.themiddlespoon.ca/,thumb-86b1fd466db18d9042,https://themiddlespoon.com/_next/image?url=%2Fimages%2Fhero-2.jpg&w=3840&q=75,https://themiddlespoon.com/,official_page_thumbnail_candidate,themiddlespoon.com,themiddlespoon.com,source_host_not_first_party,candidate_review,low_quality_metadata,requires_rights_review,source_host_not_first_party,"confirm first-party page/image provenance, then visually review"
osm-node-3801119557-the-middle-spoon-desserterie-and-bar,The Middle Spoon Desserterie & Bar,Downtown,https://www.themiddlespoon.ca/,thumb-0ae972fa7cf0325214,https://themiddlespoon.com/_next/image?url=%2Fimages%2Fhero-3.jpg&w=3840&q=75,https://themiddlespoon.com/,official_page_thumbnail_candidate,themiddlespoon.com,themiddlespoon.com,source_host_not_first_party,candidate_review,low_quality_metadata,requires_rights_review,source_host_not_first_party,"confirm first-party page/image provenance, then visually review"
osm-node-3801119557-the-middle-spoon-desserterie-and-bar,The Middle Spoon Desserterie & Bar,Downtown,https://www.themiddlespoon.ca/,thumb-bd2489173f5d6caf31,https://themiddlespoon.com/_next/image?url=%2Fimages%2Flogo.png&w=384&q=75,https://themiddlespoon.com/,official_page_thumbnail_candidate,themiddlespoon.com,themiddlespoon.com,source_host_not_first_party,candidate_review,low_quality_metadata,requires_rights_review,logo_candidate;source_host_not_first_party;tiny_decoded_image;awkward_thumbnail_aspect,"confirm first-party page/image provenance, then visually review"
osm-node-3801119557-the-middle-spoon-desserterie-and-bar,The Middle Spoon Desserterie & Bar,Downtown,https://www.themiddlespoon.ca/,thumb-a0cda493016bbb8bc5,https://themiddlespoon.com/_next/image?url=%2Fimages%2Flogo.png&w=640&q=75,https://themiddlespoon.com/,official_page_thumbnail_candidate,themiddlespoon.com,themiddlespoon.com,source_host_not_first_party,candidate_review,low_quality_metadata,requires_rights_review,logo_candidate;source_host_not_first_party;tiny_decoded_image;awkward_thumbnail_aspect,"confirm first-party page/image provenance, then visually review"
osm-node-3801119557-the-middle-spoon-desserterie-and-bar,The Middle Spoon Desserterie & Bar,Downtown,https://www.themiddlespoon.ca/,thumb-3f34164f6b241ef54b,https://themiddlespoon.com/_next/image?url=%2Fimages%2Fpassport-layout.png&w=3840&q=75,https://themiddlespoon.com/,official_page_thumbnail_candidate,themiddlespoon.com,themiddlespoon.com,source_host_not_first_party,candidate_review,low_quality_metadata,requires_rights_review,source_host_not_first_party,"confirm first-party page/image provenance, then visually review"
osm-node-3801119557-the-middle-spoon-desserterie-and-bar,The Middle Spoon Desserterie & Bar,Downtown,https://www.themiddlespoon.ca/,thumb-3794898ecb58837e41,https://themiddlespoon.com/images/events/22315bc5-e0d4-4893-9c24-3caaf4c6a7b7.webp,https://themiddlespoon.com/,official_page_thumbnail_candidate,themiddlespoon.com,themiddlespoon.com,source_host_not_first_party,candidate_review,low_quality_metadata,requires_rights_review,source_host_not_first_party,"confirm first-party page/image provenance, then visually review"
osm-node-3801119557-the-middle-spoon-desserterie-and-bar,The Middle Spoon Desserterie & Bar,Downtown,https://www.themiddlespoon.ca/,thumb-587ed52619d7a05146,https://themiddlespoon.com/images/events/448bc449-f3b4-47b2-aaf0-9dbc6caf93a1.webp,https://themiddlespoon.com/,official_page_thumbnail_candidate,themiddlespoon.com,themiddlespoon.com,source_host_not_first_party,candidate_review,low_quality_metadata,requires_rights_review,source_host_not_first_party,"confirm first-party page/image provenance, then visually review"
osm-node-3801119557-the-middle-spoon-desserterie-and-bar,The Middle Spoon Desserterie & Bar,Downtown,https://www.themiddlespoon.ca/,thumb-06faa0e919bfcd37d3,https://themiddlespoon.com/images/events/78562a0d-80fb-4411-8419-91af208868ee.webp,https://themiddlespoon.com/,official_page_thumbnail_candidate,themiddlespoon.com,themiddlespoon.com,source_host_not_first_party,candidate_review,low_quality_metadata,requires_rights_review,source_host_not_first_party,"confirm first-party page/image provenance, then visually review"
osm-node-3801119557-the-middle-spoon-desserterie-and-bar,The Middle Spoon Desserterie & Bar,Downtown,https://www.themiddlespoon.ca/,thumb-7c4e0aca6c4f7f2648,https://themiddlespoon.com/images/events/d1de9100-115a-4ec4-b150-1b27617cdd30.webp,https://themiddlespoon.com/,official_page_thumbnail_candidate,themiddlespoon.com,themiddlespoon.com,source_host_not_first_party,candidate_review,low_quality_metadata,requires_rights_review,source_host_not_first_party,"confirm first-party page/image provenance, then visually review"
osm-node-3801119557-the-middle-spoon-desserterie-and-bar,The Middle Spoon Desserterie & Bar,Downtown,https://www.themiddlespoon.ca/,thumb-ee0cf916399afe4b9e,https://themiddlespoon.com/images/events/da0e7392-5442-4cb1-9778-242e4b365d14.webp,https://themiddlespoon.com/,official_page_thumbnail_candidate,themiddlespoon.com,themiddlespoon.com,source_host_not_first_party,candidate_review,low_quality_metadata,requires_rights_review,source_host_not_first_party,"confirm first-party page/image provenance, then visually review"
osm-node-3801119557-the-middle-spoon-desserterie-and-bar,The Middle Spoon Desserterie & Bar,Downtown,https://www.themiddlespoon.ca/,thumb-2d47b98dde6de1b6d3,https://themiddlespoon.com/images/events/f49226b2-3045-47e3-86ed-62d61f5e005c.webp,https://themiddlespoon.com/,official_page_thumbnail_candidate,themiddlespoon.com,themiddlespoon.com,source_host_not_first_party,candidate_review,low_quality_metadata,requires_rights_review,source_host_not_first_party,"confirm first-party page/image provenance, then visually review"
osm-node-3801119557-the-middle-spoon-desserterie-and-bar,The Middle Spoon Desserterie & Bar,Downtown,https://www.themiddlespoon.ca/,thumb-d6527769abcc25bdf5,https://themiddlespoon.com/images/hero-menu.jpg,https://themiddlespoon.com/menu,official_page_thumbnail_candidate,themiddlespoon.com,themiddlespoon.com,source_host_not_first_party,candidate_review,low_quality_metadata,requires_rights_review,source_host_not_first_party,"confirm first-party page/image provenance, then visually review"
osm-node-11552069056-sushi-cove,Sushi Cove,South End,https://sushicovehalifax.com/,thumb-f5904732dd0539fc3e,https://sushisquare.ca/wp-content/uploads/2020/11/800px-Sushi_platter-300x300.jpg,https://sushisquare.ca/,official_page_thumbnail_candidate,sushisquare.ca,sushisquare.ca,source_host_not_first_party,candidate_review,low_quality_metadata,requires_rights_review,source_host_not_first_party,"confirm first-party page/image provenance, then visually review"
osm-node-11552069056-sushi-cove,Sushi Cove,South End,https://sushicovehalifax.com/,thumb-e989f8da1504eeb736,https://sushisquare.ca/wp-content/uploads/2020/11/New-Logo-3.png,https://sushisquare.ca/,official_page_thumbnail_candidate,sushisquare.ca,sushisquare.ca,source_host_not_first_party,candidate_review,low_quality_metadata,requires_rights_review,logo_candidate;source_host_not_first_party,"confirm first-party page/image provenance, then visually review"
osm-node-11552069056-sushi-cove,Sushi Cove,South End,https://sushicovehalifax.com/,thumb-eab2db9eabd8a9710a,https://sushisquare.ca/wp-content/uploads/2020/11/NY_Sushi_List3.jpg,https://sushisquare.ca/,official_page_thumbnail_candidate,sushisquare.ca,sushisquare.ca,source_host_not_first_party,candidate_review,low_quality_metadata,requires_rights_review,source_host_not_first_party,"confirm first-party page/image provenance, then visually review"
osm-node-11552069056-sushi-cove,Sushi Cove,South End,https://sushicovehalifax.com/,thumb-6a06f73eca2c8f1217,https://sushisquare.ca/wp-content/uploads/2020/11/open-sign-RV6URXV-e1604615351223-300x300.jpg,https://sushisquare.ca/,official_page_thumbnail_candidate,sushisquare.ca,sushisquare.ca,source_host_not_first_party,candidate_review,low_quality_metadata,requires_rights_review,source_host_not_first_party,"confirm first-party page/image provenance, then visually review"
osm-node-11552069056-sushi-cove,Sushi Cove,South End,https://sushicovehalifax.com/,thumb-8ffa604809ed33e0fe,https://sushisquare.ca/wp-content/uploads/2020/11/Visa-Headshots.jpg,https://sushisquare.ca/,official_page_thumbnail_candidate,sushisquare.ca,sushisquare.ca,source_host_not_first_party,candidate_review,low_quality_metadata,requires_rights_review,source_host_not_first_party,"confirm first-party page/image provenance, then visually review"
osm-node-11552069056-sushi-cove,Sushi Cove,South End,https://sushicovehalifax.com/,thumb-0f0dd0a3047aa44b15,https://sushisquare.ca/wp-content/uploads/2025/12/New-Logo-1-300x300.png,https://sushisquare.ca/,official_page_thumbnail_candidate,sushisquare.ca,sushisquare.ca,source_host_not_first_party,candidate_review,low_quality_metadata,requires_rights_review,logo_candidate;source_host_not_first_party,"confirm first-party page/image provenance, then visually review"
osm-node-11552069056-sushi-cove,Sushi Cove,South End,https://sushicovehalifax.com/,thumb-a66d1ac16da634cc40,https://sushisquare.ca/wp-content/uploads/2025/12/New-Logo-1-e1764774365826-150x150.png,https://sushisquare.ca/,official_page_thumbnail_candidate,sushisquare.ca,sushisquare.ca,source_host_not_first_party,candidate_review,low_quality_metadata,requires_rights_review,logo_candidate;source_host_not_first_party,"confirm first-party page/image provenance, then visually review"
osm-node-11552069056-sushi-cove,Sushi Cove,South End,https://sushicovehalifax.com/,thumb-9b74264756755762e8,https://sushisquare.ca/wp-content/uploads/2025/12/New-Logo-1-e1764774365826.png,https://sushisquare.ca/,official_page_thumbnail_candidate,sushisquare.ca,sushisquare.ca,source_host_not_first_party,candidate_review,low_quality_metadata,requires_rights_review,logo_candidate;source_host_not_first_party;tiny_decoded_image,"confirm first-party page/image provenance, then visually review"
osm-node-11552069056-sushi-cove,Sushi Cove,South End,https://sushicovehalifax.com/,thumb-80b820af4dd2335d4a,https://sushisquare.ca/wp-content/uploads/2025/12/New-Logo-2-1-150x150.png,https://sushisquare.ca/,official_page_thumbnail_candidate,sushisquare.ca,sushisquare.ca,source_host_not_first_party,candidate_review,low_quality_metadata,requires_rights_review,logo_candidate;source_host_not_first_party;tiny_decoded_image,"confirm first-party page/image provenance, then visually review"
osm-node-11552069056-sushi-cove,Sushi Cove,South End,https://sushicovehalifax.com/,thumb-2dad666229fbc67c8e,https://sushisquare.ca/wp-content/uploads/2026/01/3387090e-fabe-4432-b44b-e2affdb7d4d6-1024x683.jpg,https://sushisquare.ca/,official_page_thumbnail_candidate,sushisquare.ca,sushisquare.ca,source_host_not_first_party,candidate_review,low_quality_metadata,requires_rights_review,source_host_not_first_party,"confirm first-party page/image provenance, then visually review"
osm-node-1920996968-tony-s-pizza,Tony's Pizza,North End,https://www.tonysdonair.ca/,thumb-d7dce4830f08b4dd5e,http://static1.squarespace.com/static/55a506a8e4b025e7c4de7ed3/t/598e40914c0dbfafe1e17a3b/1638037593648/tonys+logo+refresh.jpg?format=1500w,https://www.tonysdonair.com/,official_page_thumbnail_candidate,tonysdonair.com,static1.squarespace.com,source_host_not_first_party,candidate_review,low_quality_metadata,requires_rights_review,insecure_thumbnail_url;logo_candidate;source_host_not_first_party,"confirm first-party page/image provenance, then visually review"
osm-node-1920996968-tony-s-pizza,Tony's Pizza,North End,https://www.tonysdonair.ca/,thumb-502a04f12a36096261,https://images.squarespace-cdn.com/content/v1/55a506a8e4b025e7c4de7ed3/1437058368707-HODQBX8S5MCOOLJMJFAB/image-asset.jpeg,https://www.tonysdonair.com/,official_page_thumbnail_candidate,tonysdonair.com,images.squarespace-cdn.com,source_host_not_first_party,candidate_review,low_quality_metadata,requires_rights_review,source_host_not_first_party,"confirm first-party page/image provenance, then visually review"
osm-node-1920996968-tony-s-pizza,Tony's Pizza,North End,https://www.tonysdonair.ca/,thumb-243e2296e780dce803,https://images.squarespace-cdn.com/content/v1/55a506a8e4b025e7c4de7ed3/1440677646394-0464L41HNLXS87160RG9/image-asset.png,https://www.tonysdonair.com/donairs,official_page_thumbnail_candidate,tonysdonair.com,images.squarespace-cdn.com,source_host_not_first_party,candidate_review,low_quality_metadata,requires_rights_review,source_host_not_first_party,"confirm first-party page/image provenance, then visually review"
osm-node-1920996968-tony-s-pizza,Tony's Pizza,North End,https://www.tonysdonair.ca/,thumb-25d49f39fcd981f452,https://images.squarespace-cdn.com/content/v1/55a506a8e4b025e7c4de7ed3/1444753506680-6CSKPH2ZMAJWK5SFXAZL/image-asset.jpeg,https://www.tonysdonair.com/,official_page_thumbnail_candidate,tonysdonair.com,images.squarespace-cdn.com,source_host_not_first_party,candidate_review,low_quality_metadata,requires_rights_review,source_host_not_first_party,"confirm first-party page/image provenance, then visually review"
osm-node-1920996968-tony-s-pizza,Tony's Pizza,North End,https://www.tonysdonair.ca/,thumb-837521f19b6affbc74,https://images.squarespace-cdn.com/content/v1/55a506a8e4b025e7c4de7ed3/1444753579216-6CSBHJ9AUARIXL3YPF7Z/pep-pizza.jpg,https://www.tonysdonair.com/,official_page_thumbnail_candidate,tonysdonair.com,images.squarespace-cdn.com,source_host_not_first_party,candidate_review,low_quality_metadata,requires_rights_review,source_host_not_first_party,"confirm first-party page/image provenance, then visually review"
osm-node-1920996968-tony-s-pizza,Tony's Pizza,North End,https://www.tonysdonair.ca/,thumb-33475c34ba2d760508,https://images.squarespace-cdn.com/content/v1/55a506a8e4b025e7c4de7ed3/1444753648089-KJ7IZ1IDTHW3VDNT67S3/image-asset.jpeg,https://www.tonysdonair.com/,official_page_thumbnail_candidate,tonysdonair.com,images.squarespace-cdn.com,source_host_not_first_party,candidate_review,low_quality_metadata,requires_rights_review,source_host_not_first_party,"confirm first-party page/image provenance, then visually review"
osm-node-1920996968-tony-s-pizza,Tony's Pizza,North End,https://www.tonysdonair.ca/,thumb-31647e7ce8a93ef7c3,https://images.squarespace-cdn.com/content/v1/55a506a8e4b025e7c4de7ed3/1448558451241-T6EJ5JTFCN11T5XH87D1/tonys-logo-new.png,https://www.tonysdonair.com/,official_page_thumbnail_candidate,tonysdonair.com,images.squarespace-cdn.com,source_host_not_first_party,candidate_review,low_quality_metadata,requires_rights_review,logo_candidate;source_host_not_first_party,"confirm first-party page/image provenance, then visually review"
osm-node-1920996968-tony-s-pizza,Tony's Pizza,North End,https://www.tonysdonair.ca/,thumb-b65339b27c8a5f3e09,https://images.squarespace-cdn.com/content/v1/55a506a8e4b025e7c4de7ed3/1448558451241-T6EJ5JTFCN11T5XH87D1/tonys-logo-new.png?format=1500w,https://www.tonysdonair.com/,official_page_thumbnail_candidate,tonysdonair.com,images.squarespace-cdn.com,source_host_not_first_party,candidate_review,low_quality_metadata,requires_rights_review,logo_candidate;source_host_not_first_party,"confirm first-party page/image provenance, then visually review"
osm-node-1920996968-tony-s-pizza,Tony's Pizza,North End,https://www.tonysdonair.ca/,thumb-ffb0afc739f62fc0ae,https://images.squarespace-cdn.com/content/v1/55a506a8e4b025e7c4de7ed3/1635738001423-UV9CYAB5E21JT6S8GAQY/eiliv-sonas-aceron-Ny8H5dn146Q-unsplash.jpg,https://www.tonysdonair.com/,official_page_thumbnail_candidate,tonysdonair.com,images.squarespace-cdn.com,source_host_not_first_party,candidate_review,low_quality_metadata,requires_rights_review,source_host_not_first_party,"confirm first-party page/image provenance, then visually review"
osm-node-1920996968-tony-s-pizza,Tony's Pizza,North End,https://www.tonysdonair.ca/,thumb-cdaa21aac97ebf6dcc,https://static1.squarespace.com/static/55a506a8e4b025e7c4de7ed3/t/56573f73e4b01a74ead81bb7/1763684539573/,https://www.tonysdonair.com/,official_page_thumbnail_candidate,tonysdonair.com,static1.squarespace.com,source_host_not_first_party,candidate_review,low_quality_metadata,requires_rights_review,source_host_not_first_party,"confirm first-party page/image provenance, then visually review"
osm-node-5157417348-tomavinos-pizzeria,Tomavinos Pizzeria,South End,https://www.tomavinos.ca/,thumb-066bea5df9ecbdd8db,https://assets.cdn.filesafe.space/wfTmnuFPX9JPZX7F6G8X/media/69e6983238381eafa8f323d0.png,https://book.tomavinos.ca/,official_page_thumbnail_candidate,book.tomavinos.ca,assets.cdn.filesafe.space,remote_image_host_needs_source_check,candidate_review,source_check,requires_rights_review,remote_image_host_needs_source_check;tiny_decoded_image;very_small_image_payload,"confirm first-party page/image provenance, then visually review"
osm-node-5157417348-tomavinos-pizzeria,Tomavinos Pizzeria,South End,https://www.tomavinos.ca/,thumb-2178293db83374674a,https://images.leadconnectorhq.com/image/f_webp/q_80/r_1200/u_https://assets.cdn.filesafe.space/wfTmnuFPX9JPZX7F6G8X/media/6940739d96e7531cace75fc8.jpg,https://book.tomavinos.ca/,official_page_thumbnail_candidate,book.tomavinos.ca,images.leadconnectorhq.com,remote_image_host_needs_source_check,candidate_review,source_check,requires_rights_review,remote_image_host_needs_source_check,"confirm first-party page/image provenance, then visually review"
osm-node-5157417348-tomavinos-pizzeria,Tomavinos Pizzeria,South End,https://www.tomavinos.ca/,thumb-f06634ebb14a83101e,https://images.leadconnectorhq.com/image/f_webp/q_80/r_1200/u_https://assets.cdn.filesafe.space/wfTmnuFPX9JPZX7F6G8X/media/69e698322c135a8c83b711f9.png,https://book.tomavinos.ca/,official_page_thumbnail_candidate,book.tomavinos.ca,images.leadconnectorhq.com,remote_image_host_needs_source_check,candidate_review,source_check,requires_rights_review,remote_image_host_needs_source_check,"confirm first-party page/image provenance, then visually review"
osm-node-5157417348-tomavinos-pizzeria,Tomavinos Pizzeria,South End,https://www.tomavinos.ca/,thumb-4598f97af06fb503f6,https://images.leadconnectorhq.com/image/f_webp/q_80/r_768/u_https://assets.cdn.filesafe.space/wfTmnuFPX9JPZX7F6G8X/media/6940739d96e7531cace75fc8.jpg,https://book.tomavinos.ca/,official_page_thumbnail_candidate,book.tomavinos.ca,images.leadconnectorhq.com,remote_image_host_needs_source_check,candidate_review,source_check,requires_rights_review,remote_image_host_needs_source_check,"confirm first-party page/image provenance, then visually review"
osm-node-5157417348-tomavinos-pizzeria,Tomavinos Pizzeria,South End,https://www.tomavinos.ca/,thumb-212d8cd5f3062ce47d,https://images.leadconnectorhq.com/image/f_webp/q_80/r_900/u_https://assets.cdn.filesafe.space/wfTmnuFPX9JPZX7F6G8X/media/6940739d96e7531cace75fc8.jpg,https://book.tomavinos.ca/,official_page_thumbnail_candidate,book.tomavinos.ca,images.leadconnectorhq.com,remote_image_host_needs_source_check,candidate_review,source_check,requires_rights_review,remote_image_host_needs_source_check,"confirm first-party page/image provenance, then visually review"
osm-node-5157417348-tomavinos-pizzeria,Tomavinos Pizzeria,South End,https://www.tomavinos.ca/,thumb-5c525df04915416510,https://stcdn.leadconnectorhq.com/intl-tel-input/17.0.12/img/flags.png,https://book.tomavinos.ca/,official_page_thumbnail_candidate,book.tomavinos.ca,stcdn.leadconnectorhq.com,remote_image_host_needs_source_check,candidate_review,source_check,requires_rights_review,remote_image_host_needs_source_check;tiny_decoded_image;awkward_thumbnail_aspect,"confirm first-party page/image provenance, then visually review"
osm-node-5157417348-tomavinos-pizzeria,Tomavinos Pizzeria,South End,https://www.tomavinos.ca/,thumb-0101b4fca17cdd419d,https://stcdn.leadconnectorhq.com/intl-tel-input/17.0.12/img/flags@2x.png,https://book.tomavinos.ca/,official_page_thumbnail_candidate,book.tomavinos.ca,stcdn.leadconnectorhq.com,remote_image_host_needs_source_check,candidate_review,source_check,requires_rights_review,remote_image_host_needs_source_check;tiny_decoded_image;awkward_thumbnail_aspect,"confirm first-party page/image provenance, then visually review"
osm-node-9099103643-the-bread-lounge,The Bread Lounge,Downtown,https://breadlounge.ca,thumb-41947773104b92dcb6,https://thebreadloungebakery.square.site/uploads/b/6b31dad0-7b99-11eb-8fed-ef18a489ed8b/icon_180x180_ios_MTk5Mj.png?width=120,https://thebreadloungebakery.square.site/,official_page_thumbnail_candidate,thebreadloungebakery.square.site,thebreadloungebakery.square.site,source_host_not_first_party,candidate_review,low_quality_metadata,requires_rights_review,icon_or_favicon;logo_candidate;source_host_not_first_party,"confirm first-party page/image provenance, then visually review"
osm-node-9099103643-the-bread-lounge,The Bread Lounge,Downtown,https://breadlounge.ca,thumb-561b5016fb32ddc5fa,https://thebreadloungebakery.square.site/uploads/b/6b31dad0-7b99-11eb-8fed-ef18a489ed8b/icon_180x180_ios_MTk5Mj.png?width=152,https://thebreadloungebakery.square.site/,official_page_thumbnail_candidate,thebreadloungebakery.square.site,thebreadloungebakery.square.site,source_host_not_first_party,candidate_review,low_quality_metadata,requires_rights_review,icon_or_favicon;logo_candidate;source_host_not_first_party,"confirm first-party page/image provenance, then visually review"
osm-node-9099103643-the-bread-lounge,The Bread Lounge,Downtown,https://breadlounge.ca,thumb-aab007dbe72433e911,https://thebreadloungebakery.square.site/uploads/b/6b31dad0-7b99-11eb-8fed-ef18a489ed8b/icon_180x180_ios_MTk5Mj.png?width=167,https://thebreadloungebakery.square.site/,official_page_thumbnail_candidate,thebreadloungebakery.square.site,thebreadloungebakery.square.site,source_host_not_first_party,candidate_review,low_quality_metadata,requires_rights_review,icon_or_favicon;logo_candidate;source_host_not_first_party,"confirm first-party page/image provenance, then visually review"
osm-node-9099103643-the-bread-lounge,The Bread Lounge,Downtown,https://breadlounge.ca,thumb-44f0913add1f688a19,https://thebreadloungebakery.square.site/uploads/b/6b31dad0-7b99-11eb-8fed-ef18a489ed8b/icon_180x180_ios_MTk5Mj.png?width=180,https://thebreadloungebakery.square.site/,official_page_thumbnail_candidate,thebreadloungebakery.square.site,thebreadloungebakery.square.site,source_host_not_first_party,candidate_review,low_quality_metadata,requires_rights_review,icon_or_favicon;logo_candidate;source_host_not_first_party,"confirm first-party page/image provenance, then visually review"
osm-node-9099103643-the-bread-lounge,The Bread Lounge,Downtown,https://breadlounge.ca,thumb-0424ae804216af8c55,https://uploads//b//6b31dad0-7b99-11eb-8fed-ef18a489ed8b//Screen%20Shot%202021-02-17%20at%209.15.37%20AM.png,https://thebreadloungebakery.square.site/,official_page_thumbnail_candidate,thebreadloungebakery.square.site,uploads,source_host_not_first_party,candidate_review,low_quality_metadata,requires_rights_review,source_host_not_first_party,"confirm first-party page/image provenance, then visually review"
osm-node-3789756557-smiling-goat,Smiling Goat,Waterfront,https://www.smilinggoat.ca/locations/,thumb-a3de2ff55ee7ba9c4e,https://www.avia-pilott.com/wp-content/uploads/2025/09/aviator_logo-300x300.png,https://www.avia-pilott.com/,official_page_thumbnail_candidate,avia-pilott.com,avia-pilott.com,source_host_not_first_party,candidate_review,low_quality_metadata,requires_rights_review,logo_candidate;source_host_not_first_party,"confirm first-party page/image provenance, then visually review"
osm-node-3789756557-smiling-goat,Smiling Goat,Waterfront,https://www.smilinggoat.ca/locations/,thumb-f217bad1e7c5aa137b,https://www.avia-pilott.com/wp-content/uploads/2025/09/aviator_logo-36x36.png,https://www.avia-pilott.com/,official_page_thumbnail_candidate,avia-pilott.com,avia-pilott.com,source_host_not_first_party,candidate_review,low_quality_metadata,requires_rights_review,logo_candidate;source_host_not_first_party,"confirm first-party page/image provenance, then visually review"
osm-node-3789756557-smiling-goat,Smiling Goat,Waterfront,https://www.smilinggoat.ca/locations/,thumb-f5d29e86d01f20fac5,https://www.avia-pilott.com/wp-content/webp-express/webp-images/uploads/2025/09/Aviator-Casino-Game.png.webp,https://www.avia-pilott.com/,official_page_thumbnail_candidate,avia-pilott.com,avia-pilott.com,source_host_not_first_party,candidate_review,low_quality_metadata,requires_rights_review,source_host_not_first_party,"confirm first-party page/image provenance, then visually review"
osm-node-11526163879-zoca,Zoca,South End,https://dal.campusdish.com/LocationsAndMenus/LifeSciencesCentre/Zoca,thumb-8deaca2b827352fb3e,https://images.elevate-dxp.com/adobe/assets/urn:aaid:aem:3b1a8dfc-389a-4469-91eb-eb150c8b6d04/as/dalhousie-logo-.webp?height=66,https://dal.mydininghub.ca/en/locations,official_page_thumbnail_candidate,dal.mydininghub.ca,images.elevate-dxp.com,source_host_not_first_party,candidate_review,low_quality_metadata,requires_rights_review,logo_candidate;source_host_not_first_party,"confirm first-party page/image provenance, then visually review"
osm-node-11526163879-zoca,Zoca,South End,https://dal.campusdish.com/LocationsAndMenus/LifeSciencesCentre/Zoca,thumb-7fe77774635914f075,https://images.elevate-dxp.com/adobe/assets/urn:aaid:aem:f7334698-19de-41ff-8e07-52ee96e518a3/as/apple-touch-icon.png?width=180,https://dal.mydininghub.ca/en/locations,official_page_thumbnail_candidate,dal.mydininghub.ca,images.elevate-dxp.com,source_host_not_first_party,candidate_review,low_quality_metadata,requires_rights_review,icon_or_favicon;source_host_not_first_party,"confirm first-party page/image provenance, then visually review"
osm-node-11526163879-zoca,Zoca,South End,https://dal.campusdish.com/LocationsAndMenus/LifeSciencesCentre/Zoca,thumb-4e0c27bb8d92967988,https://images.elevate-dxp.com/adobe/assets/urn:aaid:aem:f7334698-19de-41ff-8e07-52ee96e518a3/as/dalhousie-food-services-favicon.png?width=48,https://dal.mydininghub.ca/en/locations,official_page_thumbnail_candidate,dal.mydininghub.ca,images.elevate-dxp.com,source_host_not_first_party,candidate_review,low_quality_metadata,requires_rights_review,icon_or_favicon;source_host_not_first_party,"confirm first-party page/image provenance, then visually review"
osm-node-5125389651-baton-rouge,Baton Rouge,Waterfront,,thumb-4b94754088a0c6a349,https://discoverhalifaxns.com/wp-content/uploads/2026/01/106467_menu_photo_53eb7f6f-ce47-498b-8977-9f1a838f5828.jpg,https://discoverhalifaxns.com/dinearound/menu/baton-rouge-halifax-dine-around-2026/?menu=3-course-menu,official_feed_media,discoverhalifaxns.com,discoverhalifaxns.com,,source_check,source_check,requires_rights_review,reviewed_needs_source_check,confirm source rights/provenance before promotion
osm-node-5125389651-baton-rouge,Baton Rouge,Waterfront,,thumb-8c66cc939d7ec341a2,https://discoverhalifaxns.com/wp-content/uploads/2026/01/106467_menu_photo_53eb7f6f-ce47-498b-8977-9f1a838f5828.jpg,https://discoverhalifaxns.com/dinearound/menu/baton-rouge-halifax-dine-around-2026/?menu=3-course-menu,public_campaign_menu_image,discoverhalifaxns.com,discoverhalifaxns.com,,source_check,source_check,requires_rights_review,reviewed_needs_source_check,confirm source rights/provenance before promotion
osm-node-12984673749-cannery-kitchen-and-social,Cannery Kitchen & Social,Downtown,,thumb-a61daf8bbd5b690536,https://discoverhalifaxns.com/wp-content/uploads/2026/01/106779_menu_photo_a671a842-6e6c-4eaa-b0ea-8cfb63713d58.jpg,https://discoverhalifaxns.com/dinearound/menu/the-hollis-hotel-the-cannery-kitchen-social-dine-around-2026/?menu=cannery-kitchen-social-hollis-dine-around-2026,official_feed_media,discoverhalifaxns.com,discoverhalifaxns.com,,source_check,source_check,requires_rights_review,reviewed_needs_source_check,confirm source rights/provenance before promotion
osm-node-12984673749-cannery-kitchen-and-social,Cannery Kitchen & Social,Downtown,,thumb-a00cd87809a7cc9a2c,https://discoverhalifaxns.com/wp-content/uploads/2026/01/106779_menu_photo_a671a842-6e6c-4eaa-b0ea-8cfb63713d58.jpg,https://discoverhalifaxns.com/dinearound/menu/the-hollis-hotel-the-cannery-kitchen-social-dine-around-2026/?menu=cannery-kitchen-social-hollis-dine-around-2026,public_campaign_menu_image,discoverhalifaxns.com,discoverhalifaxns.com,,source_check,source_check,requires_rights_review,reviewed_needs_source_check,confirm source rights/provenance before promotion
osm-node-10916309830-darya,Daryâ,Downtown,,thumb-4172d127ba85e8cbf9,https://discoverhalifaxns.com/wp-content/uploads/2026/01/106838_menu_photo_7e1e6fc7-2e44-4032-bbd9-5a8652508088-773x1030.jpe,https://discoverhalifaxns.com/dinearound/menu/darya-dine-around-2026/?menu=lunch-30,official_feed_media,discoverhalifaxns.com,discoverhalifaxns.com,,source_check,source_check,requires_rights_review,reviewed_needs_source_check,confirm source rights/provenance before promotion
osm-node-10916309830-darya,Daryâ,Downtown,,thumb-5475cab862cbd5e984,https://discoverhalifaxns.com/wp-content/uploads/2026/01/106838_menu_photo_7e1e6fc7-2e44-4032-bbd9-5a8652508088-773x1030.jpe,https://discoverhalifaxns.com/dinearound/menu/darya-dine-around-2026/?menu=lunch-30,public_campaign_menu_image,discoverhalifaxns.com,discoverhalifaxns.com,,source_check,source_check,requires_rights_review,reviewed_needs_source_check,confirm source rights/provenance before promotion
osm-node-10916309833-drift,Drift,Downtown,,thumb-7de55b68e571cf26e0,https://discoverhalifaxns.com/wp-content/uploads/2026/01/106842_menu_photo_a3bae9e5-79a8-404b-ae64-3b547aa0a145.jpg,https://discoverhalifaxns.com/dinearound/menu/drift-dine-around-2026/?menu=lunch-30,official_feed_media,discoverhalifaxns.com,discoverhalifaxns.com,,source_check,source_check,requires_rights_review,reviewed_needs_source_check,confirm source rights/provenance before promotion
osm-node-10916309833-drift,Drift,Downtown,,thumb-d5c90aa803a2d131e9,https://discoverhalifaxns.com/wp-content/uploads/2026/01/106842_menu_photo_a3bae9e5-79a8-404b-ae64-3b547aa0a145.jpg,https://discoverhalifaxns.com/dinearound/menu/drift-dine-around-2026/?menu=lunch-30,public_campaign_menu_image,discoverhalifaxns.com,discoverhalifaxns.com,,source_check,source_check,requires_rights_review,reviewed_needs_source_check,confirm source rights/provenance before promotion
osm-node-37132569-economy-shoe-shop,Economy Shoe Shop,Downtown,,thumb-5798aba48a4b8afdb1,https://discoverhalifaxns.com/wp-content/uploads/2026/01/107285_menu_photo_73dec1db-e522-4413-95e9-086024b0a4fd.jpg,https://discoverhalifaxns.com/dinearound/menu/economy-shoe-shop-dine-around-menu/?menu=economy-chopped-cheese,official_feed_media,discoverhalifaxns.com,discoverhalifaxns.com,,source_check,source_check,requires_rights_review,reviewed_needs_source_check,confirm source rights/provenance before promotion
osm-node-37132569-economy-shoe-shop,Economy Shoe Shop,Downtown,,thumb-d7385e0b95bdad7c48,https://discoverhalifaxns.com/wp-content/uploads/2026/01/107285_menu_photo_73dec1db-e522-4413-95e9-086024b0a4fd.jpg,https://discoverhalifaxns.com/dinearound/menu/economy-shoe-shop-dine-around-menu/?menu=economy-chopped-cheese,public_campaign_menu_image,discoverhalifaxns.com,discoverhalifaxns.com,,source_check,source_check,requires_rights_review,reviewed_needs_source_check,confirm source rights/provenance before promotion
osm-node-1139389702-five-fishermen,Five Fishermen,Downtown,,thumb-5d8fff2adc302635b8,https://discoverhalifaxns.com/wp-content/uploads/2026/01/106515_menu_photo_9194743e-3191-4214-b46d-ea565c59af5c.jpg,https://discoverhalifaxns.com/dinearound/menu/5-fishermen-restaurant-dine-around-menu/?menu=winters-harvest,official_feed_media,discoverhalifaxns.com,discoverhalifaxns.com,,source_check,source_check,requires_rights_review,reviewed_needs_source_check,confirm source rights/provenance before promotion
osm-node-1139389702-five-fishermen,Five Fishermen,Downtown,,thumb-fd10c4b7901aa43019,https://discoverhalifaxns.com/wp-content/uploads/2026/01/106515_menu_photo_9194743e-3191-4214-b46d-ea565c59af5c.jpg,https://discoverhalifaxns.com/dinearound/menu/5-fishermen-restaurant-dine-around-menu/?menu=winters-harvest,public_campaign_menu_image,discoverhalifaxns.com,discoverhalifaxns.com,,source_check,source_check,requires_rights_review,reviewed_needs_source_check,confirm source rights/provenance before promotion
osm-node-7674194896-gahan-house,Gahan House,Downtown,https://gahan.ca,thumb-cf06a2a9219443b70a,https://discoverhalifaxns.com/wp-content/uploads/2026/01/106856_menu_photo_1d114699-4283-448b-a6ac-a4c566fccfc8.jpg,https://discoverhalifaxns.com/dinearound/menu/gahan-house-nova-centre-dine-around-menu/?menu=cajun-chicken-burrito-bowl-dessert,official_feed_media,discoverhalifaxns.com,discoverhalifaxns.com,,source_check,source_check,requires_rights_review,reviewed_needs_source_check,confirm source rights/provenance before promotion
osm-node-7674194896-gahan-house,Gahan House,Downtown,https://gahan.ca,thumb-8f26e75501e0440aa1,https://discoverhalifaxns.com/wp-content/uploads/2026/01/106856_menu_photo_1d114699-4283-448b-a6ac-a4c566fccfc8.jpg,https://discoverhalifaxns.com/dinearound/menu/gahan-house-nova-centre-dine-around-menu/?menu=cajun-chicken-burrito-bowl-dessert,public_campaign_menu_image,discoverhalifaxns.com,discoverhalifaxns.com,,source_check,source_check,requires_rights_review,reviewed_needs_source_check,confirm source rights/provenance before promotion
osm-node-1139389557-gio,Gio,Downtown,,thumb-2bf163180aa1d0eb59,https://discoverhalifaxns.com/wp-content/uploads/2025/01/97945_menu_photo_83b76a68-62c0-419c-a5de-4a69c89c3c89-687x1030.jpg,https://discoverhalifaxns.com/dinearound/menu/gio-restaurant-dine-around-menu/?menu=gio-dine-around-3-course-60,official_feed_media,discoverhalifaxns.com,discoverhalifaxns.com,,source_check,source_check,requires_rights_review,reviewed_needs_source_check,confirm source rights/provenance before promotion
osm-node-1139389557-gio,Gio,Downtown,,thumb-72131eb8587de10ef1,https://discoverhalifaxns.com/wp-content/uploads/2025/01/97945_menu_photo_83b76a68-62c0-419c-a5de-4a69c89c3c89-687x1030.jpg,https://discoverhalifaxns.com/dinearound/menu/gio-restaurant-dine-around-menu/?menu=gio-dine-around-3-course-60,public_campaign_menu_image,discoverhalifaxns.com,discoverhalifaxns.com,,source_check,source_check,requires_rights_review,reviewed_needs_source_check,confirm source rights/provenance before promotion
osm-way-671922221-mckelvie-s,McKelvie's,Waterfront,,thumb-d028444af8ba05cff9,https://discoverhalifaxns.com/wp-content/uploads/2026/01/106695_menu_photo_9c181145-d993-42d9-9b51-da87342ed2b1.jpg,https://discoverhalifaxns.com/dinearound/menu/mckelvies-restaurant-dine-around-2026/?menu=mckelvies-dine-around-menu,official_feed_media,discoverhalifaxns.com,discoverhalifaxns.com,,source_check,source_check,requires_rights_review,reviewed_needs_source_check,confirm source rights/provenance before promotion
osm-way-671922221-mckelvie-s,McKelvie's,Waterfront,,thumb-9d9e3d7e428780d655,https://discoverhalifaxns.com/wp-content/uploads/2026/01/106695_menu_photo_9c181145-d993-42d9-9b51-da87342ed2b1.jpg,https://discoverhalifaxns.com/dinearound/menu/mckelvies-restaurant-dine-around-2026/?menu=mckelvies-dine-around-menu,public_campaign_menu_image,discoverhalifaxns.com,discoverhalifaxns.com,,source_check,source_check,requires_rights_review,reviewed_needs_source_check,confirm source rights/provenance before promotion
osm-node-10916723936-pane-e-circo,Pane e Circo,Downtown,,thumb-09fddda9b667aa1ed3,https://discoverhalifaxns.com/wp-content/uploads/2026/02/107601_menu_photo_3339a113-97ba-4342-811b-a21d5a215680.jpe,https://discoverhalifaxns.com/dinearound/menu/pane-e-circo-dine-around-2026/?menu=breakfast,official_feed_media,discoverhalifaxns.com,discoverhalifaxns.com,,source_check,source_check,requires_rights_review,reviewed_needs_source_check,confirm source rights/provenance before promotion
osm-node-10916723936-pane-e-circo,Pane e Circo,Downtown,,thumb-1e88755aa10ef08459,https://discoverhalifaxns.com/wp-content/uploads/2026/02/107601_menu_photo_3339a113-97ba-4342-811b-a21d5a215680.jpe,https://discoverhalifaxns.com/dinearound/menu/pane-e-circo-dine-around-2026/?menu=breakfast,public_campaign_menu_image,discoverhalifaxns.com,discoverhalifaxns.com,,source_check,source_check,requires_rights_review,reviewed_needs_source_check,confirm source rights/provenance before promotion
osm-node-475876993-ristorante-amano,Ristorante Amano,Waterfront,https://www.ristoranteamano.ca/,thumb-2b603b951aaa4f8696,http://bertossigroup.com/in-the-news/Best-of-Halifax-Generic-Bronze.png,https://www.ristoranteamano.ca/,official_page_thumbnail_candidate,ristoranteamano.ca,bertossigroup.com,remote_image_host_needs_source_check,candidate_review,source_check,requires_rights_review,insecure_thumbnail_url;remote_image_host_needs_source_check,"confirm first-party page/image provenance, then visually review"
osm-node-475876993-ristorante-amano,Ristorante Amano,Waterfront,https://www.ristoranteamano.ca/,thumb-564c138f0458635273,http://bertossigroup.com/in-the-news/Best-of-Halifax-Generic-Silver.png,https://www.ristoranteamano.ca/,official_page_thumbnail_candidate,ristoranteamano.ca,bertossigroup.com,remote_image_host_needs_source_check,candidate_review,source_check,requires_rights_review,insecure_thumbnail_url;remote_image_host_needs_source_check,"confirm first-party page/image provenance, then visually review"
osm-node-12960015819-salt-and-ash,Salt & Ash,Downtown,,thumb-f15608d0e3c4fd94d9,https://discoverhalifaxns.com/wp-content/uploads/2026/01/106904_menu_photo_2af8a3cc-10e3-45ab-94de-c8bd69dc3a19.jpg,https://discoverhalifaxns.com/dinearound/menu/salt-ash-dine-around-2026/?menu=dine-around-menu-30,official_feed_media,discoverhalifaxns.com,discoverhalifaxns.com,,source_check,source_check,requires_rights_review,reviewed_needs_source_check,confirm source rights/provenance before promotion
osm-node-12960015819-salt-and-ash,Salt & Ash,Downtown,,thumb-5e34ab16975103ed94,https://discoverhalifaxns.com/wp-content/uploads/2026/01/106904_menu_photo_2af8a3cc-10e3-45ab-94de-c8bd69dc3a19.jpg,https://discoverhalifaxns.com/dinearound/menu/salt-ash-dine-around-2026/?menu=dine-around-menu-30,public_campaign_menu_image,discoverhalifaxns.com,discoverhalifaxns.com,,source_check,source_check,requires_rights_review,reviewed_needs_source_check,confirm source rights/provenance before promotion
osm-node-475877047-sea-smoke,Sea Smoke,Waterfront,https://www.seasmokehalifax.com,thumb-5d3f2597ab25ef8875,https://discoverhalifaxns.com/wp-content/uploads/2026/01/107341_menu_photo_3e9c7230-c7c9-4c69-a49f-2a6bc183017e.jpg,https://discoverhalifaxns.com/dinearound/menu/sea-smoke-restaurant-bar-sea-smoke-dine-around/?menu=toki-apple-cider,official_feed_media,discoverhalifaxns.com,discoverhalifaxns.com,,source_check,source_check,requires_rights_review,reviewed_needs_source_check,confirm source rights/provenance before promotion
osm-node-475877047-sea-smoke,Sea Smoke,Waterfront,https://www.seasmokehalifax.com,thumb-3ad2551bb7b0a8d61d,https://discoverhalifaxns.com/wp-content/uploads/2026/01/107341_menu_photo_3e9c7230-c7c9-4c69-a49f-2a6bc183017e.jpg,https://discoverhalifaxns.com/dinearound/menu/sea-smoke-restaurant-bar-sea-smoke-dine-around/?menu=toki-apple-cider,public_campaign_menu_image,discoverhalifaxns.com,discoverhalifaxns.com,,source_check,source_check,requires_rights_review,reviewed_needs_source_check,confirm source rights/provenance before promotion
osm-node-11751560115-seaport-social,Seaport Social,Waterfront,https://www.seaportsocialhalifax.com/,thumb-4dcdda32f63a46ee08,https://discoverhalifaxns.com/wp-content/uploads/2026/01/106555_menu_photo_5c474733-d3a3-46d6-8d1a-d789ce8094ec.jpg,https://discoverhalifaxns.com/dinearound/menu/seaport-social-dine-around-menu/?menu=3-course-menu-for-50,official_feed_media,discoverhalifaxns.com,discoverhalifaxns.com,,source_check,source_check,requires_rights_review,reviewed_needs_source_check,confirm source rights/provenance before promotion
osm-node-11751560115-seaport-social,Seaport Social,Waterfront,https://www.seaportsocialhalifax.com/,thumb-e9c21737b35fa8815b,https://discoverhalifaxns.com/wp-content/uploads/2026/01/106555_menu_photo_5c474733-d3a3-46d6-8d1a-d789ce8094ec.jpg,https://discoverhalifaxns.com/dinearound/menu/seaport-social-dine-around-menu/?menu=3-course-menu-for-50,public_campaign_menu_image,discoverhalifaxns.com,discoverhalifaxns.com,,source_check,source_check,requires_rights_review,reviewed_needs_source_check,confirm source rights/provenance before promotion
osm-node-11701979069-sketti-and-ball,Sketti and Ball,Downtown,https://skettiandballco.ca/,thumb-2d60084a1e8ff441a5,https://discoverhalifaxns.com/wp-content/uploads/2026/01/107227_menu_photo_ec4ad046-d6f5-476b-b374-691ced65eeaa.jpg,https://discoverhalifaxns.com/dinearound/menu/sketti-ball-co-dine-around-2026/?menu=3-for-30,official_feed_media,discoverhalifaxns.com,discoverhalifaxns.com,,source_check,source_check,requires_rights_review,reviewed_needs_source_check,confirm source rights/provenance before promotion
osm-node-11701979069-sketti-and-ball,Sketti and Ball,Downtown,https://skettiandballco.ca/,thumb-a5c62d89203ad36c33,https://discoverhalifaxns.com/wp-content/uploads/2026/01/107227_menu_photo_ec4ad046-d6f5-476b-b374-691ced65eeaa.jpg,https://discoverhalifaxns.com/dinearound/menu/sketti-ball-co-dine-around-2026/?menu=3-for-30,public_campaign_menu_image,discoverhalifaxns.com,discoverhalifaxns.com,,source_check,source_check,requires_rights_review,reviewed_needs_source_check,confirm source rights/provenance before promotion
osm-node-9740307317-sofia,Sofia,Downtown,,thumb-e0cb7dbb6e9bc340b2,https://discoverhalifaxns.com/wp-content/uploads/2026/01/106819_menu_photo_b64e4ca1-cb70-41b5-bbc8-66c66f2fec2d-1030x635.jpg,https://discoverhalifaxns.com/dinearound/menu/bar-sofia-dine-around-2026/?menu=dine-around-menu-40,official_feed_media,discoverhalifaxns.com,discoverhalifaxns.com,,source_check,source_check,requires_rights_review,reviewed_needs_source_check,confirm source rights/provenance before promotion
osm-node-9740307317-sofia,Sofia,Downtown,,thumb-da6e5bad5f5654c5a6,https://discoverhalifaxns.com/wp-content/uploads/2026/01/106819_menu_photo_b64e4ca1-cb70-41b5-bbc8-66c66f2fec2d-1030x635.jpg,https://discoverhalifaxns.com/dinearound/menu/bar-sofia-dine-around-2026/?menu=dine-around-menu-40,public_campaign_menu_image,discoverhalifaxns.com,discoverhalifaxns.com,,source_check,source_check,requires_rights_review,reviewed_needs_source_check,confirm source rights/provenance before promotion
osm-node-13289252958-stardust,Stardust,Downtown,,thumb-4ff85bad9b03927097,https://discoverhalifaxns.com/wp-content/uploads/2026/01/107164_menu_photo_b938ce3b-6dbb-4e83-9370-970d08ef396c.jpe,https://discoverhalifaxns.com/dinearound/menu/stardust-bar-kitchen-dine-around-menu/?menu=stardust-dine-around-menu,official_feed_media,discoverhalifaxns.com,discoverhalifaxns.com,,source_check,source_check,requires_rights_review,reviewed_needs_source_check,confirm source rights/provenance before promotion
osm-node-13289252958-stardust,Stardust,Downtown,,thumb-471fc59432c684af31,https://discoverhalifaxns.com/wp-content/uploads/2026/01/107164_menu_photo_b938ce3b-6dbb-4e83-9370-970d08ef396c.jpe,https://discoverhalifaxns.com/dinearound/menu/stardust-bar-kitchen-dine-around-menu/?menu=stardust-dine-around-menu,public_campaign_menu_image,discoverhalifaxns.com,discoverhalifaxns.com,,source_check,source_check,requires_rights_review,reviewed_needs_source_check,confirm source rights/provenance before promotion
osm-node-5155336323-tempo-food-drink,Tempo food+drink,Downtown,,thumb-428651412295657f7a,https://discoverhalifaxns.com/wp-content/uploads/2026/01/106913_menu_photo_e8b0d05d-592f-4bea-ab0c-076fc4dd4393.jpg,https://discoverhalifaxns.com/dinearound/menu/tempo-food-drink-at-the-barrington-hotel-dine-around-2026/?menu=lunch-20-2-course,official_feed_media,discoverhalifaxns.com,discoverhalifaxns.com,,source_check,source_check,requires_rights_review,reviewed_needs_source_check,confirm source rights/provenance before promotion
osm-node-5155336323-tempo-food-drink,Tempo food+drink,Downtown,,thumb-b4ce437b2a89c00de9,https://discoverhalifaxns.com/wp-content/uploads/2026/01/106913_menu_photo_e8b0d05d-592f-4bea-ab0c-076fc4dd4393.jpg,https://discoverhalifaxns.com/dinearound/menu/tempo-food-drink-at-the-barrington-hotel-dine-around-2026/?menu=lunch-20-2-course,public_campaign_menu_image,discoverhalifaxns.com,discoverhalifaxns.com,,source_check,source_check,requires_rights_review,reviewed_needs_source_check,confirm source rights/provenance before promotion
osm-node-8164476189-the-bitter-end,The Bitter End,Downtown,https://www.bitterend.ca/home,thumb-3275112d64bcb36cf1,https://images.unoapp.com/boxdata/asset90014/images/web-logo.png,https://www.bitterend.ca/,official_page_thumbnail_candidate,bitterend.ca,images.unoapp.com,remote_image_host_needs_source_check,candidate_review,source_check,requires_rights_review,logo_candidate;generic_brand_or_stock_image;remote_image_host_needs_source_check,"confirm first-party page/image provenance, then visually review"
osm-node-8164476189-the-bitter-end,The Bitter End,Downtown,https://www.bitterend.ca/home,thumb-f2b032c92a00e5d07b,https://www.unoapp.com/app/source/images/shopley_powered_by_logo_orange.png,https://www.bitterend.ca/,official_page_thumbnail_candidate,bitterend.ca,unoapp.com,remote_image_host_needs_source_check,candidate_review,source_check,requires_rights_review,logo_candidate;remote_image_host_needs_source_check,"confirm first-party page/image provenance, then visually review"
osm-node-771690675-the-carleton,The Carleton,Downtown,,thumb-7d099cd9fea2f94077,https://discoverhalifaxns.com/wp-content/uploads/2026/01/106915_menu_photo_3db56725-c147-4b92-b5cc-5288523b5389.jpg,https://discoverhalifaxns.com/dinearound/menu/the-carleton-dine-around-menu/?menu=2-course-meal-for-40,official_feed_media,discoverhalifaxns.com,discoverhalifaxns.com,,source_check,source_check,requires_rights_review,reviewed_needs_source_check,confirm source rights/provenance before promotion
osm-node-771690675-the-carleton,The Carleton,Downtown,,thumb-d1386de9126fb721a0,https://discoverhalifaxns.com/wp-content/uploads/2026/01/106915_menu_photo_3db56725-c147-4b92-b5cc-5288523b5389.jpg,https://discoverhalifaxns.com/dinearound/menu/the-carleton-dine-around-menu/?menu=2-course-meal-for-40,public_campaign_menu_image,discoverhalifaxns.com,discoverhalifaxns.com,,source_check,source_check,requires_rights_review,reviewed_needs_source_check,confirm source rights/provenance before promotion
osm-node-6296953436-the-mercantile-social,The Mercantile Social,Waterfront,https://themercantilesocial.ca/,thumb-b71d6e742b0dbb2910,https://discoverhalifaxns.com/wp-content/uploads/2026/01/107074_menu_photo_eb634120-88de-4575-9e06-38937486427a.jpg,https://discoverhalifaxns.com/dinearound/menu/the-mercantile-social-dine-around-menu-merc-2026/?menu=three-course-meal,official_feed_media,discoverhalifaxns.com,discoverhalifaxns.com,,source_check,source_check,requires_rights_review,reviewed_needs_source_check,confirm source rights/provenance before promotion
osm-node-6296953436-the-mercantile-social,The Mercantile Social,Waterfront,https://themercantilesocial.ca/,thumb-0bdf5312fa84ad23ae,https://discoverhalifaxns.com/wp-content/uploads/2026/01/107074_menu_photo_eb634120-88de-4575-9e06-38937486427a.jpg,https://discoverhalifaxns.com/dinearound/menu/the-mercantile-social-dine-around-menu-merc-2026/?menu=three-course-meal,public_campaign_menu_image,discoverhalifaxns.com,discoverhalifaxns.com,,source_check,source_check,requires_rights_review,reviewed_needs_source_check,confirm source rights/provenance before promotion
osm-node-1689418207-the-old-triangle-irish-pub,The Old Triangle Irish Pub,Downtown,https://www.oldtriangle.com/welcome/,thumb-be740a1856d54af108,https://discoverhalifaxns.com/wp-content/uploads/2026/01/106788_menu_photo_b4b13e75-702f-422b-85cd-3553df5895fe-rotated.jpg,https://discoverhalifaxns.com/dinearound/menu/the-old-triangle-irish-alehouse-dine-around-menu/?menu=2-course-dinner-for-30,official_feed_media,discoverhalifaxns.com,discoverhalifaxns.com,,source_check,source_check,requires_rights_review,reviewed_needs_source_check,confirm source rights/provenance before promotion
osm-node-1689418207-the-old-triangle-irish-pub,The Old Triangle Irish Pub,Downtown,https://www.oldtriangle.com/welcome/,thumb-327d04d14c11131178,https://discoverhalifaxns.com/wp-content/uploads/2026/01/106788_menu_photo_b4b13e75-702f-422b-85cd-3553df5895fe-rotated.jpg,https://discoverhalifaxns.com/dinearound/menu/the-old-triangle-irish-alehouse-dine-around-menu/?menu=2-course-dinner-for-30,public_campaign_menu_image,discoverhalifaxns.com,discoverhalifaxns.com,,source_check,source_check,requires_rights_review,reviewed_needs_source_check,confirm source rights/provenance before promotion
the-press-gang,The Press Gang,Downtown,https://thepressgang.ca/,thumb-81fb7d4fc9bc4699e7,https://discoverhalifaxns.com/wp-content/uploads/2026/01/106928_menu_photo_e1c5e785-fa03-4fa2-81ac-e55abc5a3204.jpg,https://discoverhalifaxns.com/dinearound/menu/the-press-gang-restaurant-and-oyster-bar-dine-around-menu/?menu=3-course-dinner-for-60,official_feed_media,discoverhalifaxns.com,discoverhalifaxns.com,,source_check,source_check,requires_rights_review,reviewed_needs_source_check,confirm source rights/provenance before promotion
the-press-gang,The Press Gang,Downtown,https://thepressgang.ca/,thumb-cba740158ca069454b,https://discoverhalifaxns.com/wp-content/uploads/2026/01/106928_menu_photo_e1c5e785-fa03-4fa2-81ac-e55abc5a3204.jpg,https://discoverhalifaxns.com/dinearound/menu/the-press-gang-restaurant-and-oyster-bar-dine-around-menu/?menu=3-course-dinner-for-60,public_campaign_menu_image,discoverhalifaxns.com,discoverhalifaxns.com,,source_check,source_check,requires_rights_review,reviewed_needs_source_check,confirm source rights/provenance before promotion
osm-node-12984651963-toridori,Toridori,Downtown,,thumb-c6fd05cd3a995ff58a,https://discoverhalifaxns.com/wp-content/uploads/2026/01/106939_menu_photo_8fc7c0f3-a84c-4682-b57c-e1e21430e171-1030x773.jpg,https://discoverhalifaxns.com/dinearound/menu/toridori-dine-around-2026/?menu=lunch-30,official_feed_media,discoverhalifaxns.com,discoverhalifaxns.com,,source_check,source_check,requires_rights_review,reviewed_needs_source_check,confirm source rights/provenance before promotion
osm-node-12984651963-toridori,Toridori,Downtown,,thumb-2842431d358a43c334,https://discoverhalifaxns.com/wp-content/uploads/2026/01/106939_menu_photo_8fc7c0f3-a84c-4682-b57c-e1e21430e171-1030x773.jpg,https://discoverhalifaxns.com/dinearound/menu/toridori-dine-around-2026/?menu=lunch-30,public_campaign_menu_image,discoverhalifaxns.com,discoverhalifaxns.com,,source_check,source_check,requires_rights_review,reviewed_needs_source_check,confirm source rights/provenance before promotion
osm-node-3804189857-trattoria-vesso,Trattoria Vesso,South End,,thumb-08ae92324e652847e1,https://discoverhalifaxns.com/wp-content/uploads/2026/01/106564_menu_photo_aba03f14-7da6-484e-b849-e33d3633ed7b.jpg,https://discoverhalifaxns.com/dinearound/menu/trattoria-vesso-dine-around-menu/?menu=menu-del-singolo,official_feed_media,discoverhalifaxns.com,discoverhalifaxns.com,,source_check,source_check,requires_rights_review,reviewed_needs_source_check,confirm source rights/provenance before promotion
osm-node-3804189857-trattoria-vesso,Trattoria Vesso,South End,,thumb-bcdc599bcb1e1bd15b,https://discoverhalifaxns.com/wp-content/uploads/2026/01/106564_menu_photo_aba03f14-7da6-484e-b849-e33d3633ed7b.jpg,https://discoverhalifaxns.com/dinearound/menu/trattoria-vesso-dine-around-menu/?menu=menu-del-singolo,public_campaign_menu_image,discoverhalifaxns.com,discoverhalifaxns.com,,source_check,source_check,requires_rights_review,reviewed_needs_source_check,confirm source rights/provenance before promotion
osm-node-11466743651-uncommon-grounds,Uncommon Grounds,South End,https://theuncommongroup.com/,thumb-eab0c6ededd4494912,https://az833301.vo.msecnd.net/images/snippets/arrow-left.png,https://theuncommongroup.com/,official_page_thumbnail_candidate,theuncommongroup.com,az833301.vo.msecnd.net,remote_image_host_needs_source_check,candidate_review,source_check,requires_rights_review,remote_image_host_needs_source_check;image_probe_failed,"confirm first-party page/image provenance, then visually review"
osm-node-11466743651-uncommon-grounds,Uncommon Grounds,South End,https://theuncommongroup.com/,thumb-32557b81c52e252553,https://az833301.vo.msecnd.net/images/snippets/arrow-right.png,https://theuncommongroup.com/,official_page_thumbnail_candidate,theuncommongroup.com,az833301.vo.msecnd.net,remote_image_host_needs_source_check,candidate_review,source_check,requires_rights_review,remote_image_host_needs_source_check;image_probe_failed,"confirm first-party page/image provenance, then visually review"
osm-way-96322798-wooden-monkey,Wooden Monkey,Downtown,https://www.thewoodenmonkey.ca/,thumb-e6960a2e22b1285769,https://discoverhalifaxns.com/wp-content/uploads/2026/01/106935_menu_photo_9fdf3e22-7757-488b-b623-55004caed5dd-rotated.jpg,https://discoverhalifaxns.com/dinearound/menu/the-wooden-monkey-halifax-dine-around-2026/?menu=dine-around-3-courses-50,official_feed_media,discoverhalifaxns.com,discoverhalifaxns.com,,source_check,source_check,requires_rights_review,reviewed_needs_source_check,confirm source rights/provenance before promotion
osm-way-96322798-wooden-monkey,Wooden Monkey,Downtown,https://www.thewoodenmonkey.ca/,thumb-84545519025c5c8859,https://discoverhalifaxns.com/wp-content/uploads/2026/01/106935_menu_photo_9fdf3e22-7757-488b-b623-55004caed5dd-rotated.jpg,https://discoverhalifaxns.com/dinearound/menu/the-wooden-monkey-halifax-dine-around-2026/?menu=dine-around-3-courses-50,public_campaign_menu_image,discoverhalifaxns.com,discoverhalifaxns.com,,source_check,source_check,requires_rights_review,reviewed_needs_source_check,confirm source rights/provenance before promotion
osm-node-11752691591-bramble-cafe,Bramble Cafe,North End,https://www.instagram.com/bramble.hfx,thumb-8ed026fd759027d015,https://static.cdninstagram.com/rsrc.php/yr/r/rzWiSjZRxk5.webp,https://www.instagram.com/bramble.hfx,official_page_thumbnail_candidate,instagram.com,static.cdninstagram.com,,source_check,source_check,requires_rights_review,reviewed_needs_source_check,"confirm first-party page/image provenance, then visually review"
osm-node-2715382299-cheese-curds-and-habaneros,Cheese Curds and Habaneros,Armdale / Fairview,https://cheesecurdsgourmetburgersandpoutinerie.unuhub.net/,thumb-bcb484fdc91040f7ea,https://ucarecdn.com/3d2f8742-1253-430e-8992-3a7eda197f63/-/format/auto/-/progressive/yes/UnuHub_Cheesecurds_Banner.jpg,https://cheesecurdsgourmetburgersandpoutinerie.unuhub.net/,official_page_thumbnail_candidate,cheesecurdsgourmetburgersandpoutinerie.unuhub.net,ucarecdn.com,,source_check,source_check,requires_rights_review,reviewed_needs_source_check,"confirm first-party page/image provenance, then visually review"
osm-node-11239721834-humble-pie-kitchen,Humble Pie Kitchen,Dartmouth,https://humblepiekitchen.ca/,thumb-c76dc2b18fdc3bee5d,https://humblepiekitchen.ca/pie-menu/r,https://humblepiekitchen.ca/pie-menu/,official_page_thumbnail_candidate,humblepiekitchen.ca,humblepiekitchen.ca,,source_check,source_check,requires_rights_review,reviewed_needs_source_check,"confirm first-party page/image provenance, then visually review"
osm-node-12410003853-jacky-s-cafe,Jacky's Cafe,South End,https://jackyscafehalifax.com/,thumb-f5ca3dda03e077e241,https://cdn3.didevelop.com/public/cdn/300_a9694132d471ba8368d97b6dc34e5ae3.jpg,https://jackyscafehalifax.com/,official_page_thumbnail_candidate,jackyscafehalifax.com,cdn3.didevelop.com,,source_check,source_check,requires_rights_review,reviewed_needs_source_check,"confirm first-party page/image provenance, then visually review"
osm-node-3104142670-king-of-donair,King of Donair,Halifax Peninsula,https://www.kingofdonair.ca,thumb-a0c502b1f006107615,https://www.skipthedishes.com/_next/image?url=https%3A%2F%2Frestaurants-static.skipthedishes.com%2Fimages%2Fresized%2Flarge-767b9e214669a2587f97.jpg&w=3840&q=75,https://www.skipthedishes.com/king-of-donair-quinpool,official_page_thumbnail_candidate,skipthedishes.com,skipthedishes.com,,rejected,low_quality_metadata,rejected,reviewed_rejected_third_party_delivery_source_not_official_site,"confirm first-party page/image provenance, then visually review"
osm-node-9099100703-marigold-kitchen,Marigold Kitchen,Downtown,https://marigoldkitchen.ca,thumb-574bab9e6a62934552,https://cdn3.didevelop.com/public/product_images/6498/300_9680de215154798d4537b5a85c447dab.jpg,https://marigoldkitchen.ca/,official_page_thumbnail_candidate,marigoldkitchen.ca,cdn3.didevelop.com,,source_check,source_check,requires_rights_review,reviewed_needs_source_check,"confirm first-party page/image provenance, then visually review"
osm-node-5863968671-mirchi-tandoor,Mirchi Tandoor,Downtown,https://mirchitandoor.com/,thumb-d0128c6ef0a2ad1f03,https://cdn3.didevelop.com/public/cdn/300_ffdf61fc3459bc914f5fe59fc5c89c77.jpg,https://mirchitandoor.com/,official_page_thumbnail_candidate,mirchitandoor.com,cdn3.didevelop.com,,source_check,source_check,requires_rights_review,reviewed_needs_source_check,"confirm first-party page/image provenance, then visually review"
osm-node-5138506321-summit-cafe,Summit Cafe,Waterfront,https://www.thesummitcafe.ca/,thumb-f9e1627e3b0766621d,https://d-themes.com/wordpress/udesign/dummy/wp-content/uploads/sites/18/2021/11/divider.png,https://www.thesummitcafe.ca/,official_page_thumbnail_candidate,thesummitcafe.ca,d-themes.com,remote_image_host_needs_source_check,candidate_review,source_check,requires_rights_review,placeholder_image;remote_image_host_needs_source_check,"confirm first-party page/image provenance, then visually review"
osm-node-1254843900-the-mic-mac-bar-and-grill,The Mic Mac Bar and Grill,Dartmouth,https://micmacbarandgrill.com/,thumb-b0055c6cd178852164,https://micmacbarandgrill.com/wp-content/uploads/2025/06/1-1.webp,https://micmacbarandgrill.com/,official_page_thumbnail_candidate,micmacbarandgrill.com,micmacbarandgrill.com,,source_check,source_check,requires_rights_review,reviewed_needs_source_check,"confirm first-party page/image provenance, then visually review"
osm-node-4420631892-two-if-by-sea,Two if By Sea,Dartmouth,https://www.twoifbyseacafe.ca/,thumb-45b9696269a0ef3afc,https://twoifbyseacafe.ca/wp-content/uploads/2020/09/easy-seafood-platter-155604-2-300x200.jpg,https://twoifbyseacafe.ca/,official_page_thumbnail_candidate,twoifbyseacafe.ca,twoifbyseacafe.ca,,source_check,source_check,requires_rights_review,reviewed_needs_source_check,"confirm first-party page/image provenance, then visually review"
osm-node-771698137-waterfront-warehouse,Waterfront Warehouse,Waterfront,https://www.rcr.ca/restaurants/waterfront-warehouse/,thumb-256690280e9a903db0,https://www.rcr.ca/content/uploads/2023/04/cable-wharf-kitchen-patio-4-1920x1006.jpg,https://www.rcr.ca/restaurants/cable-wharf-kitchen-patio/,official_page_thumbnail_candidate,rcr.ca,rcr.ca,,rejected,low_quality_metadata,rejected,reviewed_rejected_source_mismatch_other_restaurant_brand,"confirm first-party page/image provenance, then visually review"
